file	free	dip	tri	tet	d_dip	d_tri	d_tet
/scratch/maurin/cama_reseq/results/nQuire/p1811/20150415.B-CAMA_reseq_4_denoised.bin	635779.767171	547647.414098	459011.933803	419966.439647	88132.353073	176767.833368	215813.327524
