file	free	dip	tri	tet	d_dip	d_tri	d_tet
/scratch/maurin/cama_reseq/results/nQuire/p1811/20150415.B-CAMA_reseq_15_denoised.bin	823865.642048	743293.519404	566104.147445	512403.123017	80572.122644	257761.494602	311462.519031
