file	free	dip	tri	tet	d_dip	d_tri	d_tet
/scratch/maurin/cama_reseq/results/nQuire/p1767/CZP-2_S4_denoised.bin	1338128.436326	1181131.898467	658608.157590	777713.172825	156996.537859	679520.278735	560415.263500
