file	free	dip	tri	tet	d_dip	d_tri	d_tet
/scratch/maurin/cama_reseq/results/nQuire/p1767/WZP-6_S37_denoised.bin	700616.150153	589126.719293	547109.306159	482353.924024	111489.430861	153506.843995	218262.226130
