file	free	dip	tri	tet	d_dip	d_tri	d_tet
/scratch/maurin/cama_reseq/results/nQuire/p1767/WZP-3_S34_denoised.bin	890035.353737	849918.939412	630409.843454	584575.534756	40116.414325	259625.510283	305459.818981
